{
  "candles": [
    {
      "ts": 1758499200,
      "open": 0.248325,
      "high": 0.24948,
      "low": 0.23195,
      "close": 0.2402
    },
    {
      "ts": 1758585600,
      "open": 0.241285,
      "high": 0.243585,
      "low": 0.238215,
      "close": 0.241775
    }
  ]
}